{"genres":"Drama","avg_rating":3.678117982649218,"unique_users":138477,"total_ratings":8995560}
{"genres":"Comedy","avg_rating":3.4298469564432756,"unique_users":138452,"total_ratings":7580391}
{"genres":"Action","avg_rating":3.447358900144718,"unique_users":137967,"total_ratings":5688312}
{"genres":"Thriller","avg_rating":3.511530456827378,"unique_users":137997,"total_ratings":5392978}
{"genres":"Adventure","avg_rating":3.504920857792138,"unique_users":137887,"total_ratings":4433475}
{"genres":"Romance","avg_rating":3.545343637579382,"unique_users":137755,"total_ratings":3847993}
{"genres":"Crime","avg_rating":3.678323176438156,"unique_users":136965,"total_ratings":3344526}
{"genres":"Sci-Fi","avg_rating":3.4428975218952584,"unique_users":135998,"total_ratings":3206402}
{"genres":"Fantasy","avg_rating":3.510150631148478,"unique_users":133361,"total_ratings":2143315}
{"genres":"Children","avg_rating":3.4111114082632055,"unique_users":127649,"total_ratings":1682640}
{"genres":"Mystery","avg_rating":3.6688763318486703,"unique_users":128497,"total_ratings":1586892}
{"genres":"Horror","avg_rating":3.282691755347552,"unique_users":121403,"total_ratings":1507559}
{"genres":"Animation","avg_rating":3.6215837663516655,"unique_users":118687,"total_ratings":1156610}
{"genres":"War","avg_rating":3.8107847596768254,"unique_users":123985,"total_ratings":1061841}
{"genres":"Musical","avg_rating":3.5615689542275617,"unique_users":114324,"total_ratings":879656}
{"genres":"IMAX","avg_rating":3.6580310830139138,"unique_users":91384,"total_ratings":511083}
{"genres":"Western","avg_rating":3.573077723892207,"unique_users":96614,"total_ratings":427449}
{"genres":"Documentary","avg_rating":3.741678966053692,"unique_users":52393,"total_ratings":250690}
{"genres":"Film-Noir","avg_rating":3.966126460007793,"unique_users":58519,"total_ratings":220718}
{"genres":"(no genres listed)","avg_rating":3.030848329048843,"unique_users":158,"total_ratings":389}
